{"stats":{"minecraft:mined":{"minecraft:oak_door":5,"minecraft:cobblestone":65,"minecraft:magma_block":151,"minecraft:fire":4,"minecraft:white_carpet":2,"minecraft:dirt":54,"minecraft:stone":33},"minecraft:picked_up":{"minecraft:fishing_rod":562,"minecraft:magma_block":124,"minecraft:repeater":2,"minecraft:dirt":35944,"minecraft:iron_axe":561,"minecraft:flint_and_steel":560,"minecraft:armor_stand":1,"minecraft:iron_shovel":561,"minecraft:oak_sign":4,"minecraft:redstone_torch":1,"minecraft:iron_pickaxe":561,"minecraft:egg":2,"minecraft:oak_door":1791,"minecraft:black_stained_glass_pane":716164,"minecraft:stone_button":2,"minecraft:redstone":14,"minecraft:barrel":46,"minecraft:command_block":17,"minecraft:black_concrete":1,"minecraft:cobblestone":39},"minecraft:dropped":{"minecraft:oak_door":3,"minecraft:yellow_concrete":1,"minecraft:iron_helmet":1,"minecraft:structure_block":1,"minecraft:command_block":21,"minecraft:black_stained_glass_pane":1,"minecraft:barrel":3,"minecraft:iron_pickaxe":2,"minecraft:black_concrete":2,"minecraft:chain_command_block":5,"minecraft:fishing_rod":1,"minecraft:bucket":1,"minecraft:armor_stand":2,"minecraft:egg":2},"minecraft:used":{"minecraft:water_bucket":132,"minecraft:diorite":6,"minecraft:iron_ore":2,"minecraft:jigsaw":1,"minecraft:acacia_log":18,"minecraft:iron_shovel":54,"minecraft:snow_block":8,"minecraft:flint_and_steel":33,"minecraft:armor_stand":17,"minecraft:redstone_ore":1,"minecraft:redstone":63,"minecraft:oak_sign":76,"minecraft:spruce_planks":11,"minecraft:brown_concrete":4,"minecraft:stone":1159,"minecraft:redstone_block":23,"minecraft:clay":4,"minecraft:gold_ore":2,"minecraft:structure_block":24,"minecraft:oak_door":262,"minecraft:white_wool":2,"minecraft:soul_sand":5,"minecraft:dirt":345,"minecraft:anvil":1,"minecraft:terracotta":1,"minecraft:white_carpet":45,"minecraft:crafting_table":1,"minecraft:nether_quartz_ore":2,"minecraft:light_gray_terracotta":1,"minecraft:yellow_concrete":1646,"minecraft:note_block":19,"minecraft:gray_concrete":4,"minecraft:granite":1,"minecraft:obsidian":77,"minecraft:redstone_torch":7,"minecraft:oak_log":1,"minecraft:gray_terracotta":4,"minecraft:dark_oak_planks":6,"minecraft:black_concrete":663,"minecraft:sea_lantern":43,"minecraft:lava_bucket":281,"minecraft:bookshelf":5,"minecraft:dark_oak_log":4,"minecraft:command_block":51,"minecraft:black_stained_glass_pane":1,"minecraft:iron_block":4,"minecraft:iron_axe":5,"minecraft:iron_pickaxe":249,"minecraft:stone_button":12,"minecraft:brown_wool":2,"minecraft:netherite_axe":1,"minecraft:polished_granite":1,"minecraft:barrel":14,"minecraft:bedrock":2,"minecraft:fishing_rod":402,"minecraft:repeater":10,"minecraft:magma_block":16,"minecraft:birch_log":31,"minecraft:bucket":426,"minecraft:chain_command_block":42,"minecraft:repeating_command_block":6,"minecraft:egg":10,"minecraft:acacia_planks":5,"minecraft:brown_mushroom_block":2},"minecraft:killed":{"minecraft:chicken":1},"minecraft:custom":{"minecraft:interact_with_anvil":1,"minecraft:mob_kills":1,"minecraft:tune_noteblock":4,"minecraft:open_barrel":50,"minecraft:play_one_minute":254351,"minecraft:leave_game":22,"minecraft:time_since_death":254351,"minecraft:time_since_rest":254351,"minecraft:sprint_one_cm":92713,"minecraft:damage_taken":580,"minecraft:walk_one_cm":252742,"minecraft:drop":44,"minecraft:damage_dealt":40,"minecraft:swim_one_cm":90256,"minecraft:fly_one_cm":1274368,"minecraft:crouch_one_cm":50044,"minecraft:sneak_time":31026,"minecraft:walk_under_water_one_cm":58544,"minecraft:jump":773,"minecraft:walk_on_water_one_cm":35039,"minecraft:fall_one_cm":1039}},"DataVersion":2567}