{
  "mc_version": "1.16.1",
  "speedrunigt_version": "15.1+1.16.1",
  "category": "ANY",
  "run_type": "random_seed",
  "is_completed": false,
  "is_coop": false,
  "is_hardcore": false,
  "world_name": "2x1 EdgeCases",
  "is_cheat_allowed": false,
  "default_gamemode": 1,
  "date": 1741461960519,
  "retimed_igt": 18132141,
  "final_igt": 18132141,
  "stats_igt": 0,
  "final_rta": 33930083,
  "open_lan": null,
  "timelines": [
    {
      "name": "enter_nether",
      "igt": 9878376,
      "rta": 17234249
    }
  ],
  "advancements": {
    "minecraft:nether/explore_nether": {
      "complete": false,
      "is_advancement": true,
      "criteria": {
        "minecraft:crimson_forest": {
          "igt": 9878577,
          "rta": 17234845
        }
      },
      "igt": 0,
      "rta": 0
    },
    "minecraft:adventure/adventuring_time": {
      "complete": false,
      "is_advancement": true,
      "criteria": {
        "minecraft:plains": {
          "igt": 0,
          "rta": 0
        }
      },
      "igt": 0,
      "rta": 0
    },
    "minecraft:story/form_obsidian": {
      "complete": true,
      "is_advancement": true,
      "criteria": {
        "obsidian": {
          "igt": 246060,
          "rta": 261426
        }
      },
      "igt": 246110,
      "rta": 261466
    },
    "minecraft:recipes/decorations/enchanting_table": {
      "complete": true,
      "is_advancement": false,
      "criteria": {
        "has_obsidian": {
          "igt": 246110,
          "rta": 261429
        },
        "has_the_recipe": {
          "igt": 246110,
          "rta": 261429
        }
      },
      "igt": 246110,
      "rta": 261466
    },
    "minecraft:recipes/tools/flint_and_steel": {
      "complete": true,
      "is_advancement": false,
      "criteria": {
        "has_flint": {
          "igt": 246060,
          "rta": 261427
        },
        "has_obsidian": {
          "igt": 246060,
          "rta": 261427
        },
        "has_the_recipe": {
          "igt": 246060,
          "rta": 261427
        }
      },
      "igt": 246110,
      "rta": 261466
    },
    "minecraft:recipes/brewing/cauldron": {
      "complete": true,
      "is_advancement": false,
      "criteria": {
        "has_the_recipe": {
          "igt": 404760,
          "rta": 420085
        },
        "has_water_bucket": {
          "igt": 404760,
          "rta": 420085
        }
      },
      "igt": 404760,
      "rta": 420115
    },
    "minecraft:recipes/transportation/oak_boat": {
      "complete": true,
      "is_advancement": false,
      "criteria": {
        "has_the_recipe": {
          "igt": 424460,
          "rta": 439814
        },
        "in_water": {
          "igt": 424460,
          "rta": 439814
        }
      },
      "igt": 424510,
      "rta": 439866
    },
    "minecraft:recipes/transportation/birch_boat": {
      "complete": true,
      "is_advancement": false,
      "criteria": {
        "has_the_recipe": {
          "igt": 424460,
          "rta": 439814
        },
        "in_water": {
          "igt": 424460,
          "rta": 439814
        }
      },
      "igt": 424510,
      "rta": 439866
    },
    "minecraft:recipes/transportation/acacia_boat": {
      "complete": true,
      "is_advancement": false,
      "criteria": {
        "has_the_recipe": {
          "igt": 424460,
          "rta": 439814
        },
        "in_water": {
          "igt": 424460,
          "rta": 439814
        }
      },
      "igt": 424510,
      "rta": 439866
    },
    "minecraft:recipes/transportation/dark_oak_boat": {
      "complete": true,
      "is_advancement": false,
      "criteria": {
        "has_the_recipe": {
          "igt": 424460,
          "rta": 439815
        },
        "in_water": {
          "igt": 424460,
          "rta": 439815
        }
      },
      "igt": 424510,
      "rta": 439866
    },
    "minecraft:recipes/transportation/spruce_boat": {
      "complete": true,
      "is_advancement": false,
      "criteria": {
        "has_the_recipe": {
          "igt": 424460,
          "rta": 439814
        },
        "in_water": {
          "igt": 424460,
          "rta": 439814
        }
      },
      "igt": 424510,
      "rta": 439866
    },
    "minecraft:recipes/transportation/jungle_boat": {
      "complete": true,
      "is_advancement": false,
      "criteria": {
        "has_the_recipe": {
          "igt": 424460,
          "rta": 439815
        },
        "in_water": {
          "igt": 424460,
          "rta": 439815
        }
      },
      "igt": 424510,
      "rta": 439866
    },
    "minecraft:recipes/building_blocks/stone_brick_stairs_from_stone_stonecutting": {
      "complete": true,
      "is_advancement": false,
      "criteria": {
        "has_stone": {
          "igt": 533810,
          "rta": 549155
        },
        "has_the_recipe": {
          "igt": 533810,
          "rta": 549155
        }
      },
      "igt": 533810,
      "rta": 549167
    },
    "minecraft:recipes/building_blocks/chiseled_stone_bricks_stone_from_stonecutting": {
      "complete": true,
      "is_advancement": false,
      "criteria": {
        "has_stone": {
          "igt": 533810,
          "rta": 549155
        },
        "has_the_recipe": {
          "igt": 533810,
          "rta": 549155
        }
      },
      "igt": 533810,
      "rta": 549167
    },
    "minecraft:recipes/building_blocks/smooth_stone": {
      "complete": true,
      "is_advancement": false,
      "criteria": {
        "has_stone": {
          "igt": 533810,
          "rta": 549154
        },
        "has_the_recipe": {
          "igt": 533810,
          "rta": 549154
        }
      },
      "igt": 533810,
      "rta": 549167
    },
    "minecraft:recipes/building_blocks/stone_brick_slab_from_stone_stonecutting": {
      "complete": true,
      "is_advancement": false,
      "criteria": {
        "has_stone": {
          "igt": 533810,
          "rta": 549155
        },
        "has_the_recipe": {
          "igt": 533810,
          "rta": 549155
        }
      },
      "igt": 533810,
      "rta": 549167
    },
    "minecraft:recipes/building_blocks/stone_slab_from_stone_stonecutting": {
      "complete": true,
      "is_advancement": false,
      "criteria": {
        "has_stone": {
          "igt": 533810,
          "rta": 549155
        },
        "has_the_recipe": {
          "igt": 533810,
          "rta": 549155
        }
      },
      "igt": 533810,
      "rta": 549167
    },
    "minecraft:recipes/decorations/stone_brick_walls_from_stone_stonecutting": {
      "complete": true,
      "is_advancement": false,
      "criteria": {
        "has_stone": {
          "igt": 533810,
          "rta": 549154
        },
        "has_the_recipe": {
          "igt": 533810,
          "rta": 549154
        }
      },
      "igt": 533810,
      "rta": 549167
    },
    "minecraft:recipes/building_blocks/stone_slab": {
      "complete": true,
      "is_advancement": false,
      "criteria": {
        "has_stone": {
          "igt": 533810,
          "rta": 549155
        },
        "has_the_recipe": {
          "igt": 533810,
          "rta": 549155
        }
      },
      "igt": 533810,
      "rta": 549167
    },
    "minecraft:recipes/decorations/stonecutter": {
      "complete": true,
      "is_advancement": false,
      "criteria": {
        "has_stone": {
          "igt": 533810,
          "rta": 549155
        },
        "has_the_recipe": {
          "igt": 533810,
          "rta": 549155
        }
      },
      "igt": 533810,
      "rta": 549167
    },
    "minecraft:recipes/building_blocks/stone_stairs": {
      "complete": true,
      "is_advancement": false,
      "criteria": {
        "has_stone": {
          "igt": 533810,
          "rta": 549153
        },
        "has_the_recipe": {
          "igt": 533810,
          "rta": 549153
        }
      },
      "igt": 533810,
      "rta": 549167
    },
    "minecraft:recipes/building_blocks/stone_bricks_from_stone_stonecutting": {
      "complete": true,
      "is_advancement": false,
      "criteria": {
        "has_stone": {
          "igt": 533810,
          "rta": 549154
        },
        "has_the_recipe": {
          "igt": 533810,
          "rta": 549154
        }
      },
      "igt": 533810,
      "rta": 549167
    },
    "minecraft:recipes/redstone/stone_pressure_plate": {
      "complete": true,
      "is_advancement": false,
      "criteria": {
        "has_stone": {
          "igt": 533810,
          "rta": 549155
        },
        "has_the_recipe": {
          "igt": 533810,
          "rta": 549155
        }
      },
      "igt": 533810,
      "rta": 549167
    },
    "minecraft:recipes/building_blocks/stone_stairs_from_stone_stonecutting": {
      "complete": true,
      "is_advancement": false,
      "criteria": {
        "has_stone": {
          "igt": 533810,
          "rta": 549153
        },
        "has_the_recipe": {
          "igt": 533810,
          "rta": 549153
        }
      },
      "igt": 533810,
      "rta": 549167
    },
    "minecraft:recipes/building_blocks/stone_bricks": {
      "complete": true,
      "is_advancement": false,
      "criteria": {
        "has_stone": {
          "igt": 533810,
          "rta": 549154
        },
        "has_the_recipe": {
          "igt": 533810,
          "rta": 549154
        }
      },
      "igt": 533810,
      "rta": 549167
    },
    "minecraft:recipes/redstone/stone_button": {
      "complete": true,
      "is_advancement": false,
      "criteria": {
        "has_stone": {
          "igt": 533810,
          "rta": 549155
        },
        "has_the_recipe": {
          "igt": 533810,
          "rta": 549155
        }
      },
      "igt": 533810,
      "rta": 549167
    },
    "minecraft:recipes/decorations/chest": {
      "complete": true,
      "is_advancement": false,
      "criteria": {
        "has_lots_of_items": {
          "igt": 1205460,
          "rta": 1313577
        },
        "has_the_recipe": {
          "igt": 1205460,
          "rta": 1313576
        }
      },
      "igt": 1205460,
      "rta": 1313616
    },
    "minecraft:recipes/building_blocks/stripped_jungle_wood": {
      "complete": true,
      "is_advancement": false,
      "criteria": {
        "has_log": {
          "igt": 1258960,
          "rta": 1367125
        },
        "has_the_recipe": {
          "igt": 1258960,
          "rta": 1367125
        }
      },
      "igt": 1259010,
      "rta": 1367168
    },
    "minecraft:recipes/building_blocks/jungle_planks": {
      "complete": true,
      "is_advancement": false,
      "criteria": {
        "has_logs": {
          "igt": 1258960,
          "rta": 1367125
        },
        "has_the_recipe": {
          "igt": 1258960,
          "rta": 1367125
        }
      },
      "igt": 1259010,
      "rta": 1367168
    },
    "minecraft:recipes/misc/charcoal": {
      "complete": true,
      "is_advancement": false,
      "criteria": {
        "has_log": {
          "igt": 1258960,
          "rta": 1367125
        },
        "has_the_recipe": {
          "igt": 1258960,
          "rta": 1367125
        }
      },
      "igt": 1259010,
      "rta": 1367168
    },
    "minecraft:recipes/redstone/redstone_torch": {
      "complete": true,
      "is_advancement": false,
      "criteria": {
        "has_redstone": {
          "igt": 2004338,
          "rta": 2992862
        },
        "has_the_recipe": {
          "igt": 2004338,
          "rta": 2992862
        }
      },
      "igt": 2004338,
      "rta": 2992868
    },
    "minecraft:recipes/tools/compass": {
      "complete": true,
      "is_advancement": false,
      "criteria": {
        "has_redstone": {
          "igt": 2004338,
          "rta": 2992862
        },
        "has_the_recipe": {
          "igt": 2004338,
          "rta": 2992862
        }
      },
      "igt": 2004338,
      "rta": 2992868
    },
    "minecraft:recipes/redstone/note_block": {
      "complete": true,
      "is_advancement": false,
      "criteria": {
        "has_redstone": {
          "igt": 2004338,
          "rta": 2992862
        },
        "has_the_recipe": {
          "igt": 2004338,
          "rta": 2992862
        }
      },
      "igt": 2004338,
      "rta": 2992868
    },
    "minecraft:recipes/redstone/piston": {
      "complete": true,
      "is_advancement": false,
      "criteria": {
        "has_redstone": {
          "igt": 2004338,
          "rta": 2992862
        },
        "has_the_recipe": {
          "igt": 2004338,
          "rta": 2992862
        }
      },
      "igt": 2004338,
      "rta": 2992868
    },
    "minecraft:recipes/redstone/dropper": {
      "complete": true,
      "is_advancement": false,
      "criteria": {
        "has_redstone": {
          "igt": 2004338,
          "rta": 2992862
        },
        "has_the_recipe": {
          "igt": 2004338,
          "rta": 2992862
        }
      },
      "igt": 2004338,
      "rta": 2992868
    },
    "minecraft:recipes/tools/clock": {
      "complete": true,
      "is_advancement": false,
      "criteria": {
        "has_redstone": {
          "igt": 2004338,
          "rta": 2992862
        },
        "has_the_recipe": {
          "igt": 2004338,
          "rta": 2992862
        }
      },
      "igt": 2004338,
      "rta": 2992868
    },
    "minecraft:recipes/redstone/redstone_block": {
      "complete": true,
      "is_advancement": false,
      "criteria": {
        "has_redstone": {
          "igt": 2004338,
          "rta": 2992862
        },
        "has_the_recipe": {
          "igt": 2004338,
          "rta": 2992862
        }
      },
      "igt": 2004338,
      "rta": 2992868
    },
    "minecraft:recipes/redstone/target": {
      "complete": true,
      "is_advancement": false,
      "criteria": {
        "has_hay_block": {
          "igt": 2004338,
          "rta": 2992862
        },
        "has_redstone": {
          "igt": 2004338,
          "rta": 2992862
        },
        "has_the_recipe": {
          "igt": 2004338,
          "rta": 2992862
        }
      },
      "igt": 2004338,
      "rta": 2992868
    },
    "minecraft:story/lava_bucket": {
      "complete": true,
      "is_advancement": true,
      "criteria": {
        "lava_bucket": {
          "igt": 3485138,
          "rta": 4623864
        }
      },
      "igt": 3485138,
      "rta": 4623870
    },
    "minecraft:story/obtain_armor": {
      "complete": true,
      "is_advancement": true,
      "criteria": {
        "iron_boots": {
          "igt": 5126038,
          "rta": 8093839
        },
        "iron_chestplate": {
          "igt": 5126038,
          "rta": 8093839
        },
        "iron_helmet": {
          "igt": 5126038,
          "rta": 8093839
        },
        "iron_leggings": {
          "igt": 5126038,
          "rta": 8093839
        }
      },
      "igt": 5126038,
      "rta": 8093871
    },
    "minecraft:recipes/misc/iron_nugget_from_blasting": {
      "complete": true,
      "is_advancement": false,
      "criteria": {
        "has_chainmail_boots": {
          "igt": 5126038,
          "rta": 8093838
        },
        "has_chainmail_chestplate": {
          "igt": 5126038,
          "rta": 8093838
        },
        "has_chainmail_helmet": {
          "igt": 5126038,
          "rta": 8093838
        },
        "has_chainmail_leggings": {
          "igt": 5126038,
          "rta": 8093838
        },
        "has_iron_axe": {
          "igt": 5126038,
          "rta": 8093838
        },
        "has_iron_boots": {
          "igt": 5126038,
          "rta": 8093838
        },
        "has_iron_chestplate": {
          "igt": 5126038,
          "rta": 8093838
        },
        "has_iron_helmet": {
          "igt": 5126038,
          "rta": 8093838
        },
        "has_iron_hoe": {
          "igt": 5126038,
          "rta": 8093838
        },
        "has_iron_horse_armor": {
          "igt": 5126038,
          "rta": 8093838
        },
        "has_iron_leggings": {
          "igt": 5126038,
          "rta": 8093838
        },
        "has_iron_pickaxe": {
          "igt": 5126038,
          "rta": 8093838
        },
        "has_iron_shovel": {
          "igt": 5126038,
          "rta": 8093838
        },
        "has_iron_sword": {
          "igt": 5126038,
          "rta": 8093838
        },
        "has_the_recipe": {
          "igt": 5126038,
          "rta": 8093838
        }
      },
      "igt": 5126038,
      "rta": 8093871
    },
    "minecraft:recipes/misc/iron_nugget_from_smelting": {
      "complete": true,
      "is_advancement": false,
      "criteria": {
        "has_chainmail_boots": {
          "igt": 5126038,
          "rta": 8093839
        },
        "has_chainmail_chestplate": {
          "igt": 5126038,
          "rta": 8093839
        },
        "has_chainmail_helmet": {
          "igt": 5126038,
          "rta": 8093839
        },
        "has_chainmail_leggings": {
          "igt": 5126038,
          "rta": 8093839
        },
        "has_iron_axe": {
          "igt": 5126038,
          "rta": 8093839
        },
        "has_iron_boots": {
          "igt": 5126038,
          "rta": 8093839
        },
        "has_iron_chestplate": {
          "igt": 5126038,
          "rta": 8093839
        },
        "has_iron_helmet": {
          "igt": 5126038,
          "rta": 8093839
        },
        "has_iron_hoe": {
          "igt": 5126038,
          "rta": 8093839
        },
        "has_iron_horse_armor": {
          "igt": 5126038,
          "rta": 8093839
        },
        "has_iron_leggings": {
          "igt": 5126038,
          "rta": 8093839
        },
        "has_iron_pickaxe": {
          "igt": 5126038,
          "rta": 8093839
        },
        "has_iron_shovel": {
          "igt": 5126038,
          "rta": 8093839
        },
        "has_iron_sword": {
          "igt": 5126038,
          "rta": 8093839
        },
        "has_the_recipe": {
          "igt": 5126038,
          "rta": 8093839
        }
      },
      "igt": 5126038,
      "rta": 8093871
    },
    "minecraft:recipes/decorations/acacia_fence": {
      "complete": true,
      "is_advancement": false,
      "criteria": {
        "has_planks": {
          "igt": 5973892,
          "rta": 9713987
        },
        "has_the_recipe": {
          "igt": 5973892,
          "rta": 9713987
        }
      },
      "igt": 5973942,
      "rta": 9714022
    },
    "minecraft:recipes/decorations/crafting_table": {
      "complete": true,
      "is_advancement": false,
      "criteria": {
        "has_planks": {
          "igt": 5973892,
          "rta": 9713987
        },
        "has_the_recipe": {
          "igt": 5973892,
          "rta": 9713987
        }
      },
      "igt": 5973942,
      "rta": 9714022
    },
    "minecraft:recipes/decorations/acacia_sign": {
      "complete": true,
      "is_advancement": false,
      "criteria": {
        "has_acacia_planks": {
          "igt": 5973892,
          "rta": 9713986
        },
        "has_the_recipe": {
          "igt": 5973892,
          "rta": 9713986
        }
      },
      "igt": 5973942,
      "rta": 9714022
    },
    "minecraft:recipes/redstone/acacia_fence_gate": {
      "complete": true,
      "is_advancement": false,
      "criteria": {
        "has_planks": {
          "igt": 5973892,
          "rta": 9713986
        },
        "has_the_recipe": {
          "igt": 5973892,
          "rta": 9713986
        }
      },
      "igt": 5973942,
      "rta": 9714022
    },
    "minecraft:recipes/redstone/acacia_pressure_plate": {
      "complete": true,
      "is_advancement": false,
      "criteria": {
        "has_planks": {
          "igt": 5973892,
          "rta": 9713986
        },
        "has_the_recipe": {
          "igt": 5973892,
          "rta": 9713986
        }
      },
      "igt": 5973942,
      "rta": 9714022
    },
    "minecraft:recipes/building_blocks/acacia_slab": {
      "complete": true,
      "is_advancement": false,
      "criteria": {
        "has_planks": {
          "igt": 5973892,
          "rta": 9713986
        },
        "has_the_recipe": {
          "igt": 5973892,
          "rta": 9713986
        }
      },
      "igt": 5973942,
      "rta": 9714022
    },
    "minecraft:recipes/misc/stick": {
      "complete": true,
      "is_advancement": false,
      "criteria": {
        "has_planks": {
          "igt": 5973892,
          "rta": 9713987
        },
        "has_the_recipe": {
          "igt": 5973892,
          "rta": 9713987
        }
      },
      "igt": 5973942,
      "rta": 9714022
    },
    "minecraft:recipes/redstone/acacia_door": {
      "complete": true,
      "is_advancement": false,
      "criteria": {
        "has_planks": {
          "igt": 5973892,
          "rta": 9713987
        },
        "has_the_recipe": {
          "igt": 5973892,
          "rta": 9713987
        }
      },
      "igt": 5973942,
      "rta": 9714022
    },
    "minecraft:recipes/decorations/barrel": {
      "complete": true,
      "is_advancement": false,
      "criteria": {
        "has_planks": {
          "igt": 5973892,
          "rta": 9713987
        },
        "has_the_recipe": {
          "igt": 5973892,
          "rta": 9713987
        },
        "has_wood_slab": {
          "igt": 5973892,
          "rta": 9713987
        }
      },
      "igt": 5973942,
      "rta": 9714022
    },
    "minecraft:recipes/redstone/acacia_trapdoor": {
      "complete": true,
      "is_advancement": false,
      "criteria": {
        "has_planks": {
          "igt": 5973892,
          "rta": 9713986
        },
        "has_the_recipe": {
          "igt": 5973892,
          "rta": 9713986
        }
      },
      "igt": 5973942,
      "rta": 9714022
    },
    "minecraft:recipes/building_blocks/acacia_stairs": {
      "complete": true,
      "is_advancement": false,
      "criteria": {
        "has_planks": {
          "igt": 5973892,
          "rta": 9713985
        },
        "has_the_recipe": {
          "igt": 5973892,
          "rta": 9713985
        }
      },
      "igt": 5973942,
      "rta": 9714022
    },
    "minecraft:recipes/redstone/acacia_button": {
      "complete": true,
      "is_advancement": false,
      "criteria": {
        "has_planks": {
          "igt": 5973892,
          "rta": 9713987
        },
        "has_the_recipe": {
          "igt": 5973892,
          "rta": 9713987
        }
      },
      "igt": 5973942,
      "rta": 9714022
    },
    "minecraft:recipes/redstone/redstone": {
      "complete": true,
      "is_advancement": false,
      "criteria": {
        "has_redstone_block": {
          "igt": 7222388,
          "rta": 12362854
        },
        "has_the_recipe": {
          "igt": 7222388,
          "rta": 12362854
        }
      },
      "igt": 7222388,
      "rta": 12362890
    },
    "minecraft:recipes/redstone/repeater": {
      "complete": true,
      "is_advancement": false,
      "criteria": {
        "has_redstone_torch": {
          "igt": 7293338,
          "rta": 12543165
        },
        "has_the_recipe": {
          "igt": 7293338,
          "rta": 12543165
        }
      },
      "igt": 7293338,
      "rta": 12543189
    },
    "minecraft:story/iron_tools": {
      "complete": true,
      "is_advancement": true,
      "criteria": {
        "iron_pickaxe": {
          "igt": 7385988,
          "rta": 12674122
        }
      },
      "igt": 7385988,
      "rta": 12674139
    },
    "minecraft:recipes/food/cake": {
      "complete": true,
      "is_advancement": false,
      "criteria": {
        "has_egg": {
          "igt": 8285876,
          "rta": 14895317
        },
        "has_the_recipe": {
          "igt": 8285876,
          "rta": 14895317
        }
      },
      "igt": 8285876,
      "rta": 14895347
    },
    "minecraft:adventure/root": {
      "complete": true,
      "is_advancement": true,
      "criteria": {
        "killed_by_something": {
          "igt": 9325326,
          "rta": 16538927
        },
        "killed_something": {
          "igt": 9325326,
          "rta": 16538927
        }
      },
      "igt": 9325326,
      "rta": 16538946
    },
    "minecraft:recipes/building_blocks/stone": {
      "complete": true,
      "is_advancement": false,
      "criteria": {
        "has_cobblestone": {
          "igt": 9668226,
          "rta": 17024097
        },
        "has_the_recipe": {
          "igt": 9668226,
          "rta": 17024097
        }
      },
      "igt": 9668326,
      "rta": 17024149
    },
    "minecraft:recipes/tools/stone_pickaxe": {
      "complete": true,
      "is_advancement": false,
      "criteria": {
        "has_cobblestone": {
          "igt": 9668226,
          "rta": 17024098
        },
        "has_the_recipe": {
          "igt": 9668226,
          "rta": 17024098
        }
      },
      "igt": 9668326,
      "rta": 17024149
    },
    "minecraft:recipes/combat/stone_sword": {
      "complete": true,
      "is_advancement": false,
      "criteria": {
        "has_cobblestone": {
          "igt": 9668226,
          "rta": 17024097
        },
        "has_the_recipe": {
          "igt": 9668226,
          "rta": 17024097
        }
      },
      "igt": 9668326,
      "rta": 17024149
    },
    "minecraft:recipes/building_blocks/cobblestone_stairs": {
      "complete": true,
      "is_advancement": false,
      "criteria": {
        "has_cobblestone": {
          "igt": 9668226,
          "rta": 17024096
        },
        "has_the_recipe": {
          "igt": 9668226,
          "rta": 17024096
        }
      },
      "igt": 9668326,
      "rta": 17024149
    },
    "minecraft:recipes/tools/stone_axe": {
      "complete": true,
      "is_advancement": false,
      "criteria": {
        "has_cobblestone": {
          "igt": 9668226,
          "rta": 17024098
        },
        "has_the_recipe": {
          "igt": 9668226,
          "rta": 17024098
        }
      },
      "igt": 9668326,
      "rta": 17024149
    },
    "minecraft:recipes/decorations/cobblestone_wall": {
      "complete": true,
      "is_advancement": false,
      "criteria": {
        "has_cobblestone": {
          "igt": 9668226,
          "rta": 17024097
        },
        "has_the_recipe": {
          "igt": 9668226,
          "rta": 17024097
        }
      },
      "igt": 9668326,
      "rta": 17024149
    },
    "minecraft:recipes/decorations/furnace": {
      "complete": true,
      "is_advancement": false,
      "criteria": {
        "has_cobblestone": {
          "igt": 9668226,
          "rta": 17024096
        },
        "has_the_recipe": {
          "igt": 9668226,
          "rta": 17024096
        }
      },
      "igt": 9668326,
      "rta": 17024149
    },
    "minecraft:recipes/building_blocks/cobblestone_slab_from_cobblestone_stonecutting": {
      "complete": true,
      "is_advancement": false,
      "criteria": {
        "has_cobblestone": {
          "igt": 9668226,
          "rta": 17024095
        },
        "has_the_recipe": {
          "igt": 9668226,
          "rta": 17024095
        }
      },
      "igt": 9668326,
      "rta": 17024149
    },
    "minecraft:recipes/tools/stone_shovel": {
      "complete": true,
      "is_advancement": false,
      "criteria": {
        "has_cobblestone": {
          "igt": 9668226,
          "rta": 17024096
        },
        "has_the_recipe": {
          "igt": 9668226,
          "rta": 17024096
        }
      },
      "igt": 9668326,
      "rta": 17024149
    },
    "minecraft:story/mine_stone": {
      "complete": true,
      "is_advancement": true,
      "criteria": {
        "get_stone": {
          "igt": 9668226,
          "rta": 17024096
        }
      },
      "igt": 9668326,
      "rta": 17024149
    },
    "minecraft:recipes/building_blocks/cobblestone_stairs_from_cobblestone_stonecutting": {
      "complete": true,
      "is_advancement": false,
      "criteria": {
        "has_cobblestone": {
          "igt": 9668226,
          "rta": 17024097
        },
        "has_the_recipe": {
          "igt": 9668226,
          "rta": 17024097
        }
      },
      "igt": 9668326,
      "rta": 17024149
    },
    "minecraft:recipes/decorations/cobblestone_wall_from_cobblestone_stonecutting": {
      "complete": true,
      "is_advancement": false,
      "criteria": {
        "has_cobblestone": {
          "igt": 9668226,
          "rta": 17024098
        },
        "has_the_recipe": {
          "igt": 9668226,
          "rta": 17024098
        }
      },
      "igt": 9668326,
      "rta": 17024149
    },
    "minecraft:recipes/tools/stone_hoe": {
      "complete": true,
      "is_advancement": false,
      "criteria": {
        "has_cobblestone": {
          "igt": 9668226,
          "rta": 17024097
        },
        "has_the_recipe": {
          "igt": 9668226,
          "rta": 17024097
        }
      },
      "igt": 9668326,
      "rta": 17024149
    },
    "minecraft:recipes/building_blocks/cobblestone_slab": {
      "complete": true,
      "is_advancement": false,
      "criteria": {
        "has_cobblestone": {
          "igt": 9668226,
          "rta": 17024098
        },
        "has_the_recipe": {
          "igt": 9668226,
          "rta": 17024098
        }
      },
      "igt": 9668326,
      "rta": 17024149
    },
    "minecraft:recipes/redstone/lever": {
      "complete": true,
      "is_advancement": false,
      "criteria": {
        "has_cobblestone": {
          "igt": 9668226,
          "rta": 17024098
        },
        "has_the_recipe": {
          "igt": 9668226,
          "rta": 17024098
        }
      },
      "igt": 9668326,
      "rta": 17024149
    },
    "minecraft:nether/root": {
      "complete": true,
      "is_advancement": true,
      "criteria": {
        "entered_nether": {
          "igt": 9878376,
          "rta": 17234598
        }
      },
      "igt": 9878376,
      "rta": 17234635
    },
    "minecraft:story/enter_the_nether": {
      "complete": true,
      "is_advancement": true,
      "criteria": {
        "entered_nether": {
          "igt": 9878376,
          "rta": 17234598
        }
      },
      "igt": 9878376,
      "rta": 17234635
    },
    "minecraft:recipes/decorations/black_bed": {
      "complete": true,
      "is_advancement": false,
      "criteria": {
        "has_black_wool": {
          "igt": 10053104,
          "rta": 18043215
        },
        "has_the_recipe": {
          "igt": 10053104,
          "rta": 18043215
        }
      },
      "igt": 10053104,
      "rta": 18043236
    },
    "minecraft:recipes/decorations/black_banner": {
      "complete": true,
      "is_advancement": false,
      "criteria": {
        "has_black_wool": {
          "igt": 10053104,
          "rta": 18043216
        },
        "has_the_recipe": {
          "igt": 10053104,
          "rta": 18043216
        }
      },
      "igt": 10053104,
      "rta": 18043236
    },
    "minecraft:recipes/decorations/black_carpet": {
      "complete": true,
      "is_advancement": false,
      "criteria": {
        "has_black_wool": {
          "igt": 10053104,
          "rta": 18043216
        },
        "has_the_recipe": {
          "igt": 10053104,
          "rta": 18043216
        }
      },
      "igt": 10053104,
      "rta": 18043236
    },
    "minecraft:recipes/decorations/painting": {
      "complete": true,
      "is_advancement": false,
      "criteria": {
        "has_the_recipe": {
          "igt": 10053104,
          "rta": 18043216
        },
        "has_wool": {
          "igt": 10053104,
          "rta": 18043216
        }
      },
      "igt": 10053104,
      "rta": 18043236
    },
    "minecraft:recipes/decorations/brown_carpet_from_white_carpet": {
      "complete": true,
      "is_advancement": false,
      "criteria": {
        "has_brown_dye": {
          "igt": 10309568,
          "rta": 18331771
        },
        "has_the_recipe": {
          "igt": 10309568,
          "rta": 18331771
        },
        "has_white_carpet": {
          "igt": 10309568,
          "rta": 18331771
        }
      },
      "igt": 10309568,
      "rta": 18331778
    },
    "minecraft:recipes/decorations/blue_carpet_from_white_carpet": {
      "complete": true,
      "is_advancement": false,
      "criteria": {
        "has_blue_dye": {
          "igt": 10309568,
          "rta": 18331772
        },
        "has_the_recipe": {
          "igt": 10309568,
          "rta": 18331772
        },
        "has_white_carpet": {
          "igt": 10309568,
          "rta": 18331772
        }
      },
      "igt": 10309568,
      "rta": 18331778
    },
    "minecraft:recipes/decorations/light_gray_carpet_from_white_carpet": {
      "complete": true,
      "is_advancement": false,
      "criteria": {
        "has_light_gray_dye": {
          "igt": 10309568,
          "rta": 18331772
        },
        "has_the_recipe": {
          "igt": 10309568,
          "rta": 18331772
        },
        "has_white_carpet": {
          "igt": 10309568,
          "rta": 18331772
        }
      },
      "igt": 10309568,
      "rta": 18331778
    },
    "minecraft:recipes/decorations/gray_carpet_from_white_carpet": {
      "complete": true,
      "is_advancement": false,
      "criteria": {
        "has_gray_dye": {
          "igt": 10309568,
          "rta": 18331772
        },
        "has_the_recipe": {
          "igt": 10309568,
          "rta": 18331772
        },
        "has_white_carpet": {
          "igt": 10309568,
          "rta": 18331772
        }
      },
      "igt": 10309568,
      "rta": 18331778
    },
    "minecraft:recipes/decorations/pink_carpet_from_white_carpet": {
      "complete": true,
      "is_advancement": false,
      "criteria": {
        "has_pink_dye": {
          "igt": 10309568,
          "rta": 18331771
        },
        "has_the_recipe": {
          "igt": 10309568,
          "rta": 18331771
        },
        "has_white_carpet": {
          "igt": 10309568,
          "rta": 18331771
        }
      },
      "igt": 10309568,
      "rta": 18331778
    },
    "minecraft:recipes/decorations/red_carpet_from_white_carpet": {
      "complete": true,
      "is_advancement": false,
      "criteria": {
        "has_red_dye": {
          "igt": 10309568,
          "rta": 18331771
        },
        "has_the_recipe": {
          "igt": 10309568,
          "rta": 18331771
        },
        "has_white_carpet": {
          "igt": 10309568,
          "rta": 18331771
        }
      },
      "igt": 10309568,
      "rta": 18331778
    },
    "minecraft:recipes/decorations/orange_carpet_from_white_carpet": {
      "complete": true,
      "is_advancement": false,
      "criteria": {
        "has_orange_dye": {
          "igt": 10309568,
          "rta": 18331771
        },
        "has_the_recipe": {
          "igt": 10309568,
          "rta": 18331771
        },
        "has_white_carpet": {
          "igt": 10309568,
          "rta": 18331771
        }
      },
      "igt": 10309568,
      "rta": 18331778
    },
    "minecraft:recipes/decorations/magenta_carpet_from_white_carpet": {
      "complete": true,
      "is_advancement": false,
      "criteria": {
        "has_magenta_dye": {
          "igt": 10309568,
          "rta": 18331772
        },
        "has_the_recipe": {
          "igt": 10309568,
          "rta": 18331772
        },
        "has_white_carpet": {
          "igt": 10309568,
          "rta": 18331772
        }
      },
      "igt": 10309568,
      "rta": 18331778
    },
    "minecraft:recipes/decorations/green_carpet_from_white_carpet": {
      "complete": true,
      "is_advancement": false,
      "criteria": {
        "has_green_dye": {
          "igt": 10309568,
          "rta": 18331771
        },
        "has_the_recipe": {
          "igt": 10309568,
          "rta": 18331771
        },
        "has_white_carpet": {
          "igt": 10309568,
          "rta": 18331771
        }
      },
      "igt": 10309568,
      "rta": 18331778
    },
    "minecraft:recipes/decorations/lime_carpet_from_white_carpet": {
      "complete": true,
      "is_advancement": false,
      "criteria": {
        "has_lime_dye": {
          "igt": 10309568,
          "rta": 18331771
        },
        "has_the_recipe": {
          "igt": 10309568,
          "rta": 18331771
        },
        "has_white_carpet": {
          "igt": 10309568,
          "rta": 18331771
        }
      },
      "igt": 10309568,
      "rta": 18331778
    },
    "minecraft:recipes/decorations/yellow_carpet_from_white_carpet": {
      "complete": true,
      "is_advancement": false,
      "criteria": {
        "has_the_recipe": {
          "igt": 10309568,
          "rta": 18331772
        },
        "has_white_carpet": {
          "igt": 10309568,
          "rta": 18331772
        },
        "has_yellow_dye": {
          "igt": 10309568,
          "rta": 18331772
        }
      },
      "igt": 10309568,
      "rta": 18331778
    },
    "minecraft:recipes/decorations/light_blue_carpet_from_white_carpet": {
      "complete": true,
      "is_advancement": false,
      "criteria": {
        "has_light_blue_dye": {
          "igt": 10309568,
          "rta": 18331772
        },
        "has_the_recipe": {
          "igt": 10309568,
          "rta": 18331772
        },
        "has_white_carpet": {
          "igt": 10309568,
          "rta": 18331772
        }
      },
      "igt": 10309568,
      "rta": 18331778
    },
    "minecraft:recipes/decorations/cyan_carpet_from_white_carpet": {
      "complete": true,
      "is_advancement": false,
      "criteria": {
        "has_cyan_dye": {
          "igt": 10309568,
          "rta": 18331773
        },
        "has_the_recipe": {
          "igt": 10309568,
          "rta": 18331773
        },
        "has_white_carpet": {
          "igt": 10309568,
          "rta": 18331773
        }
      },
      "igt": 10309568,
      "rta": 18331778
    },
    "minecraft:recipes/decorations/black_carpet_from_white_carpet": {
      "complete": true,
      "is_advancement": false,
      "criteria": {
        "has_black_dye": {
          "igt": 10309568,
          "rta": 18331772
        },
        "has_the_recipe": {
          "igt": 10309568,
          "rta": 18331772
        },
        "has_white_carpet": {
          "igt": 10309568,
          "rta": 18331772
        }
      },
      "igt": 10309568,
      "rta": 18331778
    },
    "minecraft:recipes/decorations/purple_carpet_from_white_carpet": {
      "complete": true,
      "is_advancement": false,
      "criteria": {
        "has_purple_dye": {
          "igt": 10309568,
          "rta": 18331772
        },
        "has_the_recipe": {
          "igt": 10309568,
          "rta": 18331772
        },
        "has_white_carpet": {
          "igt": 10309568,
          "rta": 18331772
        }
      },
      "igt": 10309568,
      "rta": 18331778
    },
    "minecraft:recipes/building_blocks/acacia_planks": {
      "complete": true,
      "is_advancement": false,
      "criteria": {
        "has_log": {
          "igt": 11368252,
          "rta": 19712343
        },
        "has_the_recipe": {
          "igt": 11368252,
          "rta": 19712343
        }
      },
      "igt": 11368252,
      "rta": 19712356
    },
    "minecraft:recipes/building_blocks/acacia_wood": {
      "complete": true,
      "is_advancement": false,
      "criteria": {
        "has_log": {
          "igt": 11368252,
          "rta": 19712342
        },
        "has_the_recipe": {
          "igt": 11368252,
          "rta": 19712342
        }
      },
      "igt": 11368252,
      "rta": 19712356
    },
    "minecraft:recipes/building_blocks/terracotta": {
      "complete": true,
      "is_advancement": false,
      "criteria": {
        "has_clay_block": {
          "igt": 11373952,
          "rta": 19718569
        },
        "has_the_recipe": {
          "igt": 11373952,
          "rta": 19718569
        }
      },
      "igt": 11374002,
      "rta": 19718608
    },
    "minecraft:recipes/misc/iron_ingot_from_blasting": {
      "complete": true,
      "is_advancement": false,
      "criteria": {
        "has_iron_ore": {
          "igt": 11379052,
          "rta": 19723684
        },
        "has_the_recipe": {
          "igt": 11379052,
          "rta": 19723684
        }
      },
      "igt": 11379102,
      "rta": 19723707
    },
    "minecraft:recipes/misc/iron_ingot": {
      "complete": true,
      "is_advancement": false,
      "criteria": {
        "has_iron_ore": {
          "igt": 11379052,
          "rta": 19723684
        },
        "has_the_recipe": {
          "igt": 11379052,
          "rta": 19723684
        }
      },
      "igt": 11379102,
      "rta": 19723707
    },
    "minecraft:recipes/building_blocks/birch_wood": {
      "complete": true,
      "is_advancement": false,
      "criteria": {
        "has_log": {
          "igt": 11382452,
          "rta": 19727086
        },
        "has_the_recipe": {
          "igt": 11382452,
          "rta": 19727086
        }
      },
      "igt": 11382502,
      "rta": 19727106
    },
    "minecraft:recipes/building_blocks/birch_planks": {
      "complete": true,
      "is_advancement": false,
      "criteria": {
        "has_logs": {
          "igt": 11382452,
          "rta": 19727087
        },
        "has_the_recipe": {
          "igt": 11382452,
          "rta": 19727087
        }
      },
      "igt": 11382502,
      "rta": 19727106
    },
    "minecraft:recipes/building_blocks/andesite": {
      "complete": true,
      "is_advancement": false,
      "criteria": {
        "has_stone": {
          "igt": 11402552,
          "rta": 19747172
        },
        "has_the_recipe": {
          "igt": 11402552,
          "rta": 19747172
        }
      },
      "igt": 11402602,
      "rta": 19747208
    },
    "minecraft:recipes/building_blocks/diorite_slab_from_diorite_stonecutting": {
      "complete": true,
      "is_advancement": false,
      "criteria": {
        "has_diorite": {
          "igt": 11402552,
          "rta": 19747172
        },
        "has_the_recipe": {
          "igt": 11402552,
          "rta": 19747172
        }
      },
      "igt": 11402602,
      "rta": 19747208
    },
    "minecraft:recipes/building_blocks/polished_diorite_from_diorite_stonecutting": {
      "complete": true,
      "is_advancement": false,
      "criteria": {
        "has_diorite": {
          "igt": 11402552,
          "rta": 19747173
        },
        "has_the_recipe": {
          "igt": 11402552,
          "rta": 19747173
        }
      },
      "igt": 11402602,
      "rta": 19747208
    },
    "minecraft:recipes/building_blocks/diorite_stairs_from_diorite_stonecutting": {
      "complete": true,
      "is_advancement": false,
      "criteria": {
        "has_diorite": {
          "igt": 11402552,
          "rta": 19747173
        },
        "has_the_recipe": {
          "igt": 11402552,
          "rta": 19747173
        }
      },
      "igt": 11402602,
      "rta": 19747208
    },
    "minecraft:recipes/decorations/diorite_wall": {
      "complete": true,
      "is_advancement": false,
      "criteria": {
        "has_diorite": {
          "igt": 11402552,
          "rta": 19747172
        },
        "has_the_recipe": {
          "igt": 11402552,
          "rta": 19747172
        }
      },
      "igt": 11402602,
      "rta": 19747208
    },
    "minecraft:recipes/building_blocks/diorite_slab": {
      "complete": true,
      "is_advancement": false,
      "criteria": {
        "has_diorite": {
          "igt": 11402552,
          "rta": 19747172
        },
        "has_the_recipe": {
          "igt": 11402552,
          "rta": 19747172
        }
      },
      "igt": 11402602,
      "rta": 19747208
    },
    "minecraft:recipes/building_blocks/polished_diorite": {
      "complete": true,
      "is_advancement": false,
      "criteria": {
        "has_stone": {
          "igt": 11402552,
          "rta": 19747172
        },
        "has_the_recipe": {
          "igt": 11402552,
          "rta": 19747172
        }
      },
      "igt": 11402602,
      "rta": 19747208
    },
    "minecraft:recipes/building_blocks/diorite_stairs": {
      "complete": true,
      "is_advancement": false,
      "criteria": {
        "has_diorite": {
          "igt": 11402552,
          "rta": 19747171
        },
        "has_the_recipe": {
          "igt": 11402552,
          "rta": 19747171
        }
      },
      "igt": 11402602,
      "rta": 19747208
    },
    "minecraft:recipes/decorations/diorite_wall_from_diorite_stonecutting": {
      "complete": true,
      "is_advancement": false,
      "criteria": {
        "has_diorite": {
          "igt": 11402552,
          "rta": 19747173
        },
        "has_the_recipe": {
          "igt": 11402552,
          "rta": 19747173
        }
      },
      "igt": 11402602,
      "rta": 19747208
    },
    "minecraft:recipes/building_blocks/polished_granite_slab_from_granite_stonecutting": {
      "complete": true,
      "is_advancement": false,
      "criteria": {
        "has_granite": {
          "igt": 11414302,
          "rta": 19758903
        },
        "has_the_recipe": {
          "igt": 11414302,
          "rta": 19758903
        }
      },
      "igt": 11414302,
      "rta": 19758907
    },
    "minecraft:recipes/building_blocks/granite_stairs_from_granite_stonecutting": {
      "complete": true,
      "is_advancement": false,
      "criteria": {
        "has_granite": {
          "igt": 11414302,
          "rta": 19758903
        },
        "has_the_recipe": {
          "igt": 11414302,
          "rta": 19758903
        }
      },
      "igt": 11414302,
      "rta": 19758907
    },
    "minecraft:recipes/building_blocks/polished_granite_from_granite_stonecutting": {
      "complete": true,
      "is_advancement": false,
      "criteria": {
        "has_granite": {
          "igt": 11414302,
          "rta": 19758901
        },
        "has_the_recipe": {
          "igt": 11414302,
          "rta": 19758901
        }
      },
      "igt": 11414302,
      "rta": 19758907
    },
    "minecraft:recipes/decorations/granite_wall_from_granite_stonecutting": {
      "complete": true,
      "is_advancement": false,
      "criteria": {
        "has_granite": {
          "igt": 11414302,
          "rta": 19758902
        },
        "has_the_recipe": {
          "igt": 11414302,
          "rta": 19758902
        }
      },
      "igt": 11414302,
      "rta": 19758907
    },
    "minecraft:recipes/building_blocks/granite_stairs": {
      "complete": true,
      "is_advancement": false,
      "criteria": {
        "has_granite": {
          "igt": 11414302,
          "rta": 19758903
        },
        "has_the_recipe": {
          "igt": 11414302,
          "rta": 19758903
        }
      },
      "igt": 11414302,
      "rta": 19758907
    },
    "minecraft:recipes/decorations/granite_wall": {
      "complete": true,
      "is_advancement": false,
      "criteria": {
        "has_granite": {
          "igt": 11414302,
          "rta": 19758902
        },
        "has_the_recipe": {
          "igt": 11414302,
          "rta": 19758902
        }
      },
      "igt": 11414302,
      "rta": 19758907
    },
    "minecraft:recipes/building_blocks/polished_granite": {
      "complete": true,
      "is_advancement": false,
      "criteria": {
        "has_stone": {
          "igt": 11414302,
          "rta": 19758902
        },
        "has_the_recipe": {
          "igt": 11414302,
          "rta": 19758902
        }
      },
      "igt": 11414302,
      "rta": 19758907
    },
    "minecraft:recipes/building_blocks/granite_slab_from_granite_stonecutting": {
      "complete": true,
      "is_advancement": false,
      "criteria": {
        "has_granite": {
          "igt": 11414302,
          "rta": 19758902
        },
        "has_the_recipe": {
          "igt": 11414302,
          "rta": 19758902
        }
      },
      "igt": 11414302,
      "rta": 19758907
    },
    "minecraft:recipes/building_blocks/granite_slab": {
      "complete": true,
      "is_advancement": false,
      "criteria": {
        "has_granite": {
          "igt": 11414302,
          "rta": 19758902
        },
        "has_the_recipe": {
          "igt": 11414302,
          "rta": 19758902
        }
      },
      "igt": 11414302,
      "rta": 19758907
    },
    "minecraft:recipes/building_blocks/polished_granite_stairs_from_granite_stonecutting": {
      "complete": true,
      "is_advancement": false,
      "criteria": {
        "has_granite": {
          "igt": 11414302,
          "rta": 19758902
        },
        "has_the_recipe": {
          "igt": 11414302,
          "rta": 19758902
        }
      },
      "igt": 11414302,
      "rta": 19758907
    },
    "minecraft:recipes/decorations/anvil": {
      "complete": true,
      "is_advancement": false,
      "criteria": {
        "has_iron_block": {
          "igt": 11420202,
          "rta": 19764799
        },
        "has_the_recipe": {
          "igt": 11420202,
          "rta": 19764799
        }
      },
      "igt": 11420202,
      "rta": 19764810
    },
    "minecraft:recipes/misc/iron_ingot_from_iron_block": {
      "complete": true,
      "is_advancement": false,
      "criteria": {
        "has_iron_block": {
          "igt": 11420202,
          "rta": 19764799
        },
        "has_the_recipe": {
          "igt": 11420202,
          "rta": 19764799
        }
      },
      "igt": 11420202,
      "rta": 19764810
    },
    "minecraft:recipes/building_blocks/orange_wool": {
      "complete": true,
      "is_advancement": false,
      "criteria": {
        "has_the_recipe": {
          "igt": 11426902,
          "rta": 19771537
        },
        "has_white_wool": {
          "igt": 11426902,
          "rta": 19771537
        }
      },
      "igt": 11426952,
      "rta": 19771558
    },
    "minecraft:recipes/building_blocks/magenta_wool": {
      "complete": true,
      "is_advancement": false,
      "criteria": {
        "has_the_recipe": {
          "igt": 11426902,
          "rta": 19771534
        },
        "has_white_wool": {
          "igt": 11426902,
          "rta": 19771534
        }
      },
      "igt": 11426952,
      "rta": 19771558
    },
    "minecraft:recipes/building_blocks/red_wool": {
      "complete": true,
      "is_advancement": false,
      "criteria": {
        "has_the_recipe": {
          "igt": 11426902,
          "rta": 19771537
        },
        "has_white_wool": {
          "igt": 11426902,
          "rta": 19771537
        }
      },
      "igt": 11426952,
      "rta": 19771558
    },
    "minecraft:recipes/building_blocks/gray_wool": {
      "complete": true,
      "is_advancement": false,
      "criteria": {
        "has_the_recipe": {
          "igt": 11426902,
          "rta": 19771535
        },
        "has_white_wool": {
          "igt": 11426902,
          "rta": 19771535
        }
      },
      "igt": 11426952,
      "rta": 19771558
    },
    "minecraft:recipes/decorations/white_banner": {
      "complete": true,
      "is_advancement": false,
      "criteria": {
        "has_the_recipe": {
          "igt": 11426902,
          "rta": 19771537
        },
        "has_white_wool": {
          "igt": 11426902,
          "rta": 19771536
        }
      },
      "igt": 11426952,
      "rta": 19771558
    },
    "minecraft:recipes/building_blocks/brown_wool": {
      "complete": true,
      "is_advancement": false,
      "criteria": {
        "has_the_recipe": {
          "igt": 11426902,
          "rta": 19771536
        },
        "has_white_wool": {
          "igt": 11426902,
          "rta": 19771536
        }
      },
      "igt": 11426952,
      "rta": 19771558
    },
    "minecraft:recipes/building_blocks/blue_wool": {
      "complete": true,
      "is_advancement": false,
      "criteria": {
        "has_the_recipe": {
          "igt": 11426902,
          "rta": 19771536
        },
        "has_white_wool": {
          "igt": 11426902,
          "rta": 19771536
        }
      },
      "igt": 11426952,
      "rta": 19771558
    },
    "minecraft:recipes/decorations/white_bed": {
      "complete": true,
      "is_advancement": false,
      "criteria": {
        "has_the_recipe": {
          "igt": 11426902,
          "rta": 19771537
        },
        "has_white_wool": {
          "igt": 11426902,
          "rta": 19771537
        }
      },
      "igt": 11426952,
      "rta": 19771558
    },
    "minecraft:recipes/building_blocks/black_wool": {
      "complete": true,
      "is_advancement": false,
      "criteria": {
        "has_the_recipe": {
          "igt": 11426902,
          "rta": 19771537
        },
        "has_white_wool": {
          "igt": 11426902,
          "rta": 19771537
        }
      },
      "igt": 11426952,
      "rta": 19771558
    },
    "minecraft:recipes/building_blocks/green_wool": {
      "complete": true,
      "is_advancement": false,
      "criteria": {
        "has_the_recipe": {
          "igt": 11426902,
          "rta": 19771535
        },
        "has_white_wool": {
          "igt": 11426902,
          "rta": 19771535
        }
      },
      "igt": 11426952,
      "rta": 19771558
    },
    "minecraft:recipes/building_blocks/yellow_wool": {
      "complete": true,
      "is_advancement": false,
      "criteria": {
        "has_the_recipe": {
          "igt": 11426902,
          "rta": 19771536
        },
        "has_white_wool": {
          "igt": 11426902,
          "rta": 19771536
        }
      },
      "igt": 11426952,
      "rta": 19771558
    },
    "minecraft:recipes/building_blocks/pink_wool": {
      "complete": true,
      "is_advancement": false,
      "criteria": {
        "has_the_recipe": {
          "igt": 11426902,
          "rta": 19771535
        },
        "has_white_wool": {
          "igt": 11426902,
          "rta": 19771535
        }
      },
      "igt": 11426952,
      "rta": 19771558
    },
    "minecraft:recipes/building_blocks/purple_wool": {
      "complete": true,
      "is_advancement": false,
      "criteria": {
        "has_the_recipe": {
          "igt": 11426902,
          "rta": 19771536
        },
        "has_white_wool": {
          "igt": 11426902,
          "rta": 19771536
        }
      },
      "igt": 11426952,
      "rta": 19771558
    },
    "minecraft:recipes/decorations/white_carpet": {
      "complete": true,
      "is_advancement": false,
      "criteria": {
        "has_the_recipe": {
          "igt": 11426902,
          "rta": 19771536
        },
        "has_white_wool": {
          "igt": 11426902,
          "rta": 19771536
        }
      },
      "igt": 11426952,
      "rta": 19771558
    },
    "minecraft:recipes/building_blocks/light_blue_wool": {
      "complete": true,
      "is_advancement": false,
      "criteria": {
        "has_the_recipe": {
          "igt": 11426902,
          "rta": 19771535
        },
        "has_white_wool": {
          "igt": 11426902,
          "rta": 19771535
        }
      },
      "igt": 11426952,
      "rta": 19771558
    },
    "minecraft:recipes/building_blocks/lime_wool": {
      "complete": true,
      "is_advancement": false,
      "criteria": {
        "has_the_recipe": {
          "igt": 11426902,
          "rta": 19771536
        },
        "has_white_wool": {
          "igt": 11426902,
          "rta": 19771536
        }
      },
      "igt": 11426952,
      "rta": 19771558
    },
    "minecraft:recipes/building_blocks/light_gray_wool": {
      "complete": true,
      "is_advancement": false,
      "criteria": {
        "has_the_recipe": {
          "igt": 11426902,
          "rta": 19771537
        },
        "has_white_wool": {
          "igt": 11426902,
          "rta": 19771537
        }
      },
      "igt": 11426952,
      "rta": 19771558
    },
    "minecraft:recipes/building_blocks/cyan_wool": {
      "complete": true,
      "is_advancement": false,
      "criteria": {
        "has_the_recipe": {
          "igt": 11426902,
          "rta": 19771536
        },
        "has_white_wool": {
          "igt": 11426902,
          "rta": 19771536
        }
      },
      "igt": 11426952,
      "rta": 19771558
    },
    "minecraft:recipes/redstone/spruce_fence_gate": {
      "complete": true,
      "is_advancement": false,
      "criteria": {
        "has_planks": {
          "igt": 11588202,
          "rta": 19932823
        },
        "has_the_recipe": {
          "igt": 11588202,
          "rta": 19932823
        }
      },
      "igt": 11588252,
      "rta": 19932855
    },
    "minecraft:recipes/building_blocks/spruce_stairs": {
      "complete": true,
      "is_advancement": false,
      "criteria": {
        "has_planks": {
          "igt": 11588202,
          "rta": 19932822
        },
        "has_the_recipe": {
          "igt": 11588202,
          "rta": 19932822
        }
      },
      "igt": 11588252,
      "rta": 19932855
    },
    "minecraft:recipes/redstone/spruce_trapdoor": {
      "complete": true,
      "is_advancement": false,
      "criteria": {
        "has_planks": {
          "igt": 11588202,
          "rta": 19932822
        },
        "has_the_recipe": {
          "igt": 11588202,
          "rta": 19932822
        }
      },
      "igt": 11588252,
      "rta": 19932855
    },
    "minecraft:recipes/decorations/spruce_sign": {
      "complete": true,
      "is_advancement": false,
      "criteria": {
        "has_spruce_planks": {
          "igt": 11588202,
          "rta": 19932822
        },
        "has_the_recipe": {
          "igt": 11588202,
          "rta": 19932822
        }
      },
      "igt": 11588252,
      "rta": 19932855
    },
    "minecraft:recipes/redstone/spruce_pressure_plate": {
      "complete": true,
      "is_advancement": false,
      "criteria": {
        "has_planks": {
          "igt": 11588202,
          "rta": 19932823
        },
        "has_the_recipe": {
          "igt": 11588202,
          "rta": 19932823
        }
      },
      "igt": 11588252,
      "rta": 19932855
    },
    "minecraft:recipes/building_blocks/spruce_slab": {
      "complete": true,
      "is_advancement": false,
      "criteria": {
        "has_planks": {
          "igt": 11588202,
          "rta": 19932822
        },
        "has_the_recipe": {
          "igt": 11588202,
          "rta": 19932822
        }
      },
      "igt": 11588252,
      "rta": 19932855
    },
    "minecraft:recipes/redstone/spruce_button": {
      "complete": true,
      "is_advancement": false,
      "criteria": {
        "has_planks": {
          "igt": 11588202,
          "rta": 19932823
        },
        "has_the_recipe": {
          "igt": 11588202,
          "rta": 19932823
        }
      },
      "igt": 11588252,
      "rta": 19932855
    },
    "minecraft:recipes/decorations/spruce_fence": {
      "complete": true,
      "is_advancement": false,
      "criteria": {
        "has_planks": {
          "igt": 11588202,
          "rta": 19932822
        },
        "has_the_recipe": {
          "igt": 11588202,
          "rta": 19932822
        }
      },
      "igt": 11588252,
      "rta": 19932855
    },
    "minecraft:recipes/redstone/spruce_door": {
      "complete": true,
      "is_advancement": false,
      "criteria": {
        "has_planks": {
          "igt": 11588202,
          "rta": 19932820
        },
        "has_the_recipe": {
          "igt": 11588202,
          "rta": 19932820
        }
      },
      "igt": 11588252,
      "rta": 19932855
    },
    "minecraft:recipes/building_blocks/dark_oak_wood": {
      "complete": true,
      "is_advancement": false,
      "criteria": {
        "has_log": {
          "igt": 11788754,
          "rta": 20169317
        },
        "has_the_recipe": {
          "igt": 11788754,
          "rta": 20169317
        }
      },
      "igt": 11788804,
      "rta": 20169330
    },
    "minecraft:recipes/building_blocks/dark_oak_planks": {
      "complete": true,
      "is_advancement": false,
      "criteria": {
        "has_log": {
          "igt": 11788754,
          "rta": 20169317
        },
        "has_the_recipe": {
          "igt": 11788754,
          "rta": 20169317
        }
      },
      "igt": 11788804,
      "rta": 20169330
    },
    "minecraft:recipes/misc/gold_ingot": {
      "complete": true,
      "is_advancement": false,
      "criteria": {
        "has_gold_ore": {
          "igt": 11804354,
          "rta": 20184897
        },
        "has_the_recipe": {
          "igt": 11804354,
          "rta": 20184897
        }
      },
      "igt": 11804404,
      "rta": 20184928
    },
    "minecraft:recipes/misc/gold_ingot_from_blasting": {
      "complete": true,
      "is_advancement": false,
      "criteria": {
        "has_gold_ore": {
          "igt": 11804354,
          "rta": 20184897
        },
        "has_the_recipe": {
          "igt": 11804354,
          "rta": 20184897
        }
      },
      "igt": 11804404,
      "rta": 20184928
    },
    "minecraft:recipes/redstone/redstone_from_smelting": {
      "complete": true,
      "is_advancement": false,
      "criteria": {
        "has_redstone_ore": {
          "igt": 11805854,
          "rta": 20186395
        },
        "has_the_recipe": {
          "igt": 11805854,
          "rta": 20186395
        }
      },
      "igt": 11805904,
      "rta": 20186429
    },
    "minecraft:recipes/redstone/redstone_from_blasting": {
      "complete": true,
      "is_advancement": false,
      "criteria": {
        "has_redstone_ore": {
          "igt": 11805854,
          "rta": 20186395
        },
        "has_the_recipe": {
          "igt": 11805854,
          "rta": 20186395
        }
      },
      "igt": 11805904,
      "rta": 20186429
    },
    "minecraft:recipes/misc/quartz_from_blasting": {
      "complete": true,
      "is_advancement": false,
      "criteria": {
        "has_nether_quartz_ore": {
          "igt": 11809854,
          "rta": 20190390
        },
        "has_the_recipe": {
          "igt": 11809854,
          "rta": 20190390
        }
      },
      "igt": 11809904,
      "rta": 20190428
    },
    "minecraft:recipes/misc/quartz": {
      "complete": true,
      "is_advancement": false,
      "criteria": {
        "has_nether_quartz_ore": {
          "igt": 11809854,
          "rta": 20190391
        },
        "has_the_recipe": {
          "igt": 11809854,
          "rta": 20190391
        }
      },
      "igt": 11809904,
      "rta": 20190428
    },
    "minecraft:recipes/building_blocks/polished_granite_slab_from_polished_granite_stonecutting": {
      "complete": true,
      "is_advancement": false,
      "criteria": {
        "has_polished_granite": {
          "igt": 11816704,
          "rta": 20197225
        },
        "has_the_recipe": {
          "igt": 11816704,
          "rta": 20197225
        }
      },
      "igt": 11816704,
      "rta": 20197231
    },
    "minecraft:recipes/building_blocks/polished_granite_stairs": {
      "complete": true,
      "is_advancement": false,
      "criteria": {
        "has_polished_granite": {
          "igt": 11816704,
          "rta": 20197226
        },
        "has_the_recipe": {
          "igt": 11816704,
          "rta": 20197226
        }
      },
      "igt": 11816704,
      "rta": 20197231
    },
    "minecraft:recipes/building_blocks/polished_granite_stairs_from_polished_granite_stonecutting": {
      "complete": true,
      "is_advancement": false,
      "criteria": {
        "has_polished_granite": {
          "igt": 11816704,
          "rta": 20197226
        },
        "has_the_recipe": {
          "igt": 11816704,
          "rta": 20197226
        }
      },
      "igt": 11816704,
      "rta": 20197231
    },
    "minecraft:recipes/building_blocks/polished_granite_slab": {
      "complete": true,
      "is_advancement": false,
      "criteria": {
        "has_polished_granite": {
          "igt": 11816704,
          "rta": 20197226
        },
        "has_the_recipe": {
          "igt": 11816704,
          "rta": 20197226
        }
      },
      "igt": 11816704,
      "rta": 20197231
    },
    "minecraft:recipes/decorations/dark_oak_sign": {
      "complete": true,
      "is_advancement": false,
      "criteria": {
        "has_dark_oak_planks": {
          "igt": 11841004,
          "rta": 20221538
        },
        "has_the_recipe": {
          "igt": 11841004,
          "rta": 20221538
        }
      },
      "igt": 11841054,
      "rta": 20221579
    },
    "minecraft:recipes/building_blocks/dark_oak_slab": {
      "complete": true,
      "is_advancement": false,
      "criteria": {
        "has_planks": {
          "igt": 11841004,
          "rta": 20221539
        },
        "has_the_recipe": {
          "igt": 11841004,
          "rta": 20221539
        }
      },
      "igt": 11841054,
      "rta": 20221579
    },
    "minecraft:recipes/building_blocks/dark_oak_stairs": {
      "complete": true,
      "is_advancement": false,
      "criteria": {
        "has_planks": {
          "igt": 11841004,
          "rta": 20221538
        },
        "has_the_recipe": {
          "igt": 11841004,
          "rta": 20221538
        }
      },
      "igt": 11841054,
      "rta": 20221579
    },
    "minecraft:recipes/redstone/dark_oak_button": {
      "complete": true,
      "is_advancement": false,
      "criteria": {
        "has_planks": {
          "igt": 11841004,
          "rta": 20221539
        },
        "has_the_recipe": {
          "igt": 11841004,
          "rta": 20221539
        }
      },
      "igt": 11841054,
      "rta": 20221579
    },
    "minecraft:recipes/redstone/dark_oak_door": {
      "complete": true,
      "is_advancement": false,
      "criteria": {
        "has_planks": {
          "igt": 11841004,
          "rta": 20221538
        },
        "has_the_recipe": {
          "igt": 11841004,
          "rta": 20221538
        }
      },
      "igt": 11841054,
      "rta": 20221579
    },
    "minecraft:recipes/redstone/dark_oak_fence_gate": {
      "complete": true,
      "is_advancement": false,
      "criteria": {
        "has_planks": {
          "igt": 11841004,
          "rta": 20221538
        },
        "has_the_recipe": {
          "igt": 11841004,
          "rta": 20221538
        }
      },
      "igt": 11841054,
      "rta": 20221579
    },
    "minecraft:recipes/redstone/dark_oak_trapdoor": {
      "complete": true,
      "is_advancement": false,
      "criteria": {
        "has_planks": {
          "igt": 11841004,
          "rta": 20221538
        },
        "has_the_recipe": {
          "igt": 11841004,
          "rta": 20221538
        }
      },
      "igt": 11841054,
      "rta": 20221579
    },
    "minecraft:recipes/redstone/dark_oak_pressure_plate": {
      "complete": true,
      "is_advancement": false,
      "criteria": {
        "has_planks": {
          "igt": 11841004,
          "rta": 20221537
        },
        "has_the_recipe": {
          "igt": 11841004,
          "rta": 20221537
        }
      },
      "igt": 11841054,
      "rta": 20221579
    },
    "minecraft:recipes/decorations/dark_oak_fence": {
      "complete": true,
      "is_advancement": false,
      "criteria": {
        "has_planks": {
          "igt": 11841004,
          "rta": 20221539
        },
        "has_the_recipe": {
          "igt": 11841004,
          "rta": 20221539
        }
      },
      "igt": 11841054,
      "rta": 20221579
    },
    "minecraft:recipes/building_blocks/gray_terracotta": {
      "complete": true,
      "is_advancement": false,
      "criteria": {
        "has_terracotta": {
          "igt": 11880254,
          "rta": 20260790
        },
        "has_the_recipe": {
          "igt": 11880254,
          "rta": 20260790
        }
      },
      "igt": 11880304,
      "rta": 20260830
    },
    "minecraft:recipes/building_blocks/pink_terracotta": {
      "complete": true,
      "is_advancement": false,
      "criteria": {
        "has_terracotta": {
          "igt": 11880254,
          "rta": 20260789
        },
        "has_the_recipe": {
          "igt": 11880254,
          "rta": 20260789
        }
      },
      "igt": 11880304,
      "rta": 20260830
    },
    "minecraft:recipes/building_blocks/blue_terracotta": {
      "complete": true,
      "is_advancement": false,
      "criteria": {
        "has_terracotta": {
          "igt": 11880254,
          "rta": 20260790
        },
        "has_the_recipe": {
          "igt": 11880254,
          "rta": 20260790
        }
      },
      "igt": 11880304,
      "rta": 20260830
    },
    "minecraft:recipes/building_blocks/lime_terracotta": {
      "complete": true,
      "is_advancement": false,
      "criteria": {
        "has_terracotta": {
          "igt": 11880254,
          "rta": 20260789
        },
        "has_the_recipe": {
          "igt": 11880254,
          "rta": 20260789
        }
      },
      "igt": 11880304,
      "rta": 20260830
    },
    "minecraft:recipes/building_blocks/light_blue_terracotta": {
      "complete": true,
      "is_advancement": false,
      "criteria": {
        "has_terracotta": {
          "igt": 11880254,
          "rta": 20260790
        },
        "has_the_recipe": {
          "igt": 11880254,
          "rta": 20260790
        }
      },
      "igt": 11880304,
      "rta": 20260830
    },
    "minecraft:recipes/building_blocks/green_terracotta": {
      "complete": true,
      "is_advancement": false,
      "criteria": {
        "has_terracotta": {
          "igt": 11880254,
          "rta": 20260789
        },
        "has_the_recipe": {
          "igt": 11880254,
          "rta": 20260789
        }
      },
      "igt": 11880304,
      "rta": 20260830
    },
    "minecraft:recipes/building_blocks/yellow_terracotta": {
      "complete": true,
      "is_advancement": false,
      "criteria": {
        "has_terracotta": {
          "igt": 11880254,
          "rta": 20260789
        },
        "has_the_recipe": {
          "igt": 11880254,
          "rta": 20260789
        }
      },
      "igt": 11880304,
      "rta": 20260830
    },
    "minecraft:recipes/building_blocks/cyan_terracotta": {
      "complete": true,
      "is_advancement": false,
      "criteria": {
        "has_terracotta": {
          "igt": 11880254,
          "rta": 20260790
        },
        "has_the_recipe": {
          "igt": 11880254,
          "rta": 20260790
        }
      },
      "igt": 11880304,
      "rta": 20260830
    },
    "minecraft:recipes/building_blocks/brown_terracotta": {
      "complete": true,
      "is_advancement": false,
      "criteria": {
        "has_terracotta": {
          "igt": 11880254,
          "rta": 20260790
        },
        "has_the_recipe": {
          "igt": 11880254,
          "rta": 20260790
        }
      },
      "igt": 11880304,
      "rta": 20260830
    },
    "minecraft:recipes/building_blocks/red_terracotta": {
      "complete": true,
      "is_advancement": false,
      "criteria": {
        "has_terracotta": {
          "igt": 11880254,
          "rta": 20260790
        },
        "has_the_recipe": {
          "igt": 11880254,
          "rta": 20260790
        }
      },
      "igt": 11880304,
      "rta": 20260830
    },
    "minecraft:recipes/building_blocks/purple_terracotta": {
      "complete": true,
      "is_advancement": false,
      "criteria": {
        "has_terracotta": {
          "igt": 11880254,
          "rta": 20260791
        },
        "has_the_recipe": {
          "igt": 11880254,
          "rta": 20260791
        }
      },
      "igt": 11880304,
      "rta": 20260830
    },
    "minecraft:recipes/building_blocks/magenta_terracotta": {
      "complete": true,
      "is_advancement": false,
      "criteria": {
        "has_terracotta": {
          "igt": 11880254,
          "rta": 20260790
        },
        "has_the_recipe": {
          "igt": 11880254,
          "rta": 20260790
        }
      },
      "igt": 11880304,
      "rta": 20260830
    },
    "minecraft:recipes/building_blocks/white_terracotta": {
      "complete": true,
      "is_advancement": false,
      "criteria": {
        "has_terracotta": {
          "igt": 11880254,
          "rta": 20260791
        },
        "has_the_recipe": {
          "igt": 11880254,
          "rta": 20260791
        }
      },
      "igt": 11880304,
      "rta": 20260830
    },
    "minecraft:recipes/building_blocks/light_gray_terracotta": {
      "complete": true,
      "is_advancement": false,
      "criteria": {
        "has_terracotta": {
          "igt": 11880254,
          "rta": 20260789
        },
        "has_the_recipe": {
          "igt": 11880254,
          "rta": 20260789
        }
      },
      "igt": 11880304,
      "rta": 20260830
    },
    "minecraft:recipes/building_blocks/orange_terracotta": {
      "complete": true,
      "is_advancement": false,
      "criteria": {
        "has_terracotta": {
          "igt": 11880254,
          "rta": 20260789
        },
        "has_the_recipe": {
          "igt": 11880254,
          "rta": 20260789
        }
      },
      "igt": 11880304,
      "rta": 20260830
    },
    "minecraft:recipes/building_blocks/black_terracotta": {
      "complete": true,
      "is_advancement": false,
      "criteria": {
        "has_terracotta": {
          "igt": 11880254,
          "rta": 20260790
        },
        "has_the_recipe": {
          "igt": 11880254,
          "rta": 20260790
        }
      },
      "igt": 11880304,
      "rta": 20260830
    },
    "minecraft:recipes/decorations/gray_glazed_terracotta": {
      "complete": true,
      "is_advancement": false,
      "criteria": {
        "has_gray_terracotta": {
          "igt": 11905054,
          "rta": 20285578
        },
        "has_the_recipe": {
          "igt": 11905054,
          "rta": 20285578
        }
      },
      "igt": 11905104,
      "rta": 20285629
    },
    "minecraft:recipes/building_blocks/oak_planks": {
      "complete": true,
      "is_advancement": false,
      "criteria": {
        "has_logs": {
          "igt": 11917404,
          "rta": 20297951
        },
        "has_the_recipe": {
          "igt": 11917404,
          "rta": 20297951
        }
      },
      "igt": 11917454,
      "rta": 20297980
    },
    "minecraft:recipes/building_blocks/oak_wood": {
      "complete": true,
      "is_advancement": false,
      "criteria": {
        "has_log": {
          "igt": 11917404,
          "rta": 20297951
        },
        "has_the_recipe": {
          "igt": 11917404,
          "rta": 20297951
        }
      },
      "igt": 11917454,
      "rta": 20297980
    },
    "minecraft:recipes/decorations/brown_bed": {
      "complete": true,
      "is_advancement": false,
      "criteria": {
        "has_brown_wool": {
          "igt": 11929354,
          "rta": 20309883
        },
        "has_the_recipe": {
          "igt": 11929354,
          "rta": 20309883
        }
      },
      "igt": 11929404,
      "rta": 20309928
    },
    "minecraft:recipes/decorations/brown_carpet": {
      "complete": true,
      "is_advancement": false,
      "criteria": {
        "has_brown_wool": {
          "igt": 11929354,
          "rta": 20309882
        },
        "has_the_recipe": {
          "igt": 11929354,
          "rta": 20309882
        }
      },
      "igt": 11929404,
      "rta": 20309928
    },
    "minecraft:recipes/decorations/brown_banner": {
      "complete": true,
      "is_advancement": false,
      "criteria": {
        "has_brown_wool": {
          "igt": 11929354,
          "rta": 20309883
        },
        "has_the_recipe": {
          "igt": 11929354,
          "rta": 20309883
        }
      },
      "igt": 11929404,
      "rta": 20309928
    },
    "minecraft:story/root": {
      "complete": true,
      "is_advancement": true,
      "criteria": {
        "crafting_table": {
          "igt": 11969854,
          "rta": 20350402
        }
      },
      "igt": 11969904,
      "rta": 20350428
    },
    "minecraft:recipes/decorations/soul_torch": {
      "complete": true,
      "is_advancement": false,
      "criteria": {
        "has_soul_sand": {
          "igt": 12004854,
          "rta": 20385403
        },
        "has_the_recipe": {
          "igt": 12004854,
          "rta": 20385403
        }
      },
      "igt": 12004904,
      "rta": 20385429
    },
    "minecraft:recipes/decorations/soul_campfire": {
      "complete": true,
      "is_advancement": false,
      "criteria": {
        "has_soul_sand": {
          "igt": 12004854,
          "rta": 20385403
        },
        "has_stick": {
          "igt": 12004854,
          "rta": 20385403
        },
        "has_the_recipe": {
          "igt": 12004854,
          "rta": 20385403
        }
      },
      "igt": 12004904,
      "rta": 20385429
    },
    "minecraft:recipes/decorations/light_gray_glazed_terracotta": {
      "complete": true,
      "is_advancement": false,
      "criteria": {
        "has_light_gray_terracotta": {
          "igt": 12102154,
          "rta": 20482685
        },
        "has_the_recipe": {
          "igt": 12102154,
          "rta": 20482685
        }
      },
      "igt": 12102204,
      "rta": 20482732
    },
    "minecraft:recipes/decorations/snow": {
      "complete": true,
      "is_advancement": false,
      "criteria": {
        "has_snowball": {
          "igt": 17897641,
          "rta": 33420026
        },
        "has_the_recipe": {
          "igt": 17897641,
          "rta": 33420026
        }
      },
      "igt": 17897641,
      "rta": 33420051
    },
    "minecraft:recipes/building_blocks/snow_block": {
      "complete": true,
      "is_advancement": false,
      "criteria": {
        "has_snowball": {
          "igt": 17897641,
          "rta": 33420024
        },
        "has_the_recipe": {
          "igt": 17897641,
          "rta": 33420024
        }
      },
      "igt": 17897641,
      "rta": 33420051
    }
  },
  "stats": {
    "f6d2eabb-f241-43c4-8986-d06485635ad1": {
      "stats": {
        "minecraft:picked_up": {
          "minecraft:fishing_rod": 659,
          "minecraft:magma_block": 156,
          "minecraft:repeater": 2,
          "minecraft:dirt": 42167,
          "minecraft:iron_axe": 657,
          "minecraft:flint_and_steel": 657,
          "minecraft:armor_stand": 1,
          "minecraft:iron_shovel": 658,
          "minecraft:oak_sign": 21,
          "minecraft:bucket": 1,
          "minecraft:redstone_torch": 1,
          "minecraft:iron_pickaxe": 658,
          "minecraft:egg": 2,
          "minecraft:oak_door": 2110,
          "minecraft:black_stained_glass_pane": 840088,
          "minecraft:stone_button": 2,
          "minecraft:redstone": 15,
          "minecraft:barrel": 46,
          "minecraft:command_block": 21,
          "minecraft:black_concrete": 1,
          "minecraft:cobblestone": 60
        },
        "minecraft:custom": {
          "minecraft:interact_with_anvil": 1,
          "minecraft:mob_kills": 1,
          "minecraft:tune_noteblock": 4,
          "minecraft:open_barrel": 52,
          "minecraft:play_one_minute": 362233,
          "minecraft:leave_game": 22,
          "minecraft:time_since_death": 362233,
          "minecraft:time_since_rest": 362233,
          "minecraft:sprint_one_cm": 145258,
          "minecraft:damage_taken": 620,
          "minecraft:walk_one_cm": 367156,
          "minecraft:drop": 53,
          "minecraft:damage_dealt": 40,
          "minecraft:swim_one_cm": 105870,
          "minecraft:fly_one_cm": 1993172,
          "minecraft:crouch_one_cm": 70588,
          "minecraft:sneak_time": 42636,
          "minecraft:walk_under_water_one_cm": 100778,
          "minecraft:jump": 1419,
          "minecraft:walk_on_water_one_cm": 47067,
          "minecraft:fall_one_cm": 1039
        },
        "minecraft:mined": {
          "minecraft:oak_door": 10,
          "minecraft:cobblestone": 88,
          "minecraft:magma_block": 187,
          "minecraft:fire": 4,
          "minecraft:white_carpet": 2,
          "minecraft:dirt": 71,
          "minecraft:stone": 44
        },
        "minecraft:killed": {
          "minecraft:chicken": 1
        },
        "minecraft:used": {
          "minecraft:water_bucket": 153,
          "minecraft:diorite": 6,
          "minecraft:iron_ore": 2,
          "minecraft:jigsaw": 1,
          "minecraft:acacia_log": 18,
          "minecraft:iron_shovel": 71,
          "minecraft:snow_block": 8,
          "minecraft:flint_and_steel": 43,
          "minecraft:armor_stand": 40,
          "minecraft:redstone_ore": 1,
          "minecraft:redstone": 68,
          "minecraft:oak_sign": 121,
          "minecraft:spruce_planks": 11,
          "minecraft:brown_concrete": 4,
          "minecraft:stone": 2319,
          "minecraft:redstone_block": 23,
          "minecraft:clay": 4,
          "minecraft:gold_ore": 2,
          "minecraft:structure_block": 24,
          "minecraft:oak_door": 317,
          "minecraft:white_wool": 2,
          "minecraft:soul_sand": 5,
          "minecraft:dirt": 464,
          "minecraft:anvil": 1,
          "minecraft:terracotta": 1,
          "minecraft:white_carpet": 45,
          "minecraft:crafting_table": 1,
          "minecraft:nether_quartz_ore": 2,
          "minecraft:light_gray_terracotta": 1,
          "minecraft:yellow_concrete": 1791,
          "minecraft:note_block": 19,
          "minecraft:gray_concrete": 4,
          "minecraft:granite": 1,
          "minecraft:snowball": 1,
          "minecraft:obsidian": 207,
          "minecraft:redstone_torch": 7,
          "minecraft:oak_log": 1,
          "minecraft:gray_terracotta": 4,
          "minecraft:dark_oak_planks": 6,
          "minecraft:black_concrete": 763,
          "minecraft:sea_lantern": 43,
          "minecraft:lava_bucket": 367,
          "minecraft:bookshelf": 5,
          "minecraft:dark_oak_log": 4,
          "minecraft:command_block": 77,
          "minecraft:barrier": 93,
          "minecraft:black_stained_glass_pane": 1,
          "minecraft:iron_block": 4,
          "minecraft:iron_axe": 10,
          "minecraft:iron_pickaxe": 319,
          "minecraft:stone_button": 12,
          "minecraft:brown_wool": 2,
          "minecraft:netherite_axe": 1,
          "minecraft:polished_granite": 1,
          "minecraft:barrel": 14,
          "minecraft:bedrock": 2,
          "minecraft:fishing_rod": 476,
          "minecraft:repeater": 10,
          "minecraft:magma_block": 22,
          "minecraft:birch_log": 31,
          "minecraft:bucket": 530,
          "minecraft:chain_command_block": 57,
          "minecraft:repeating_command_block": 10,
          "minecraft:egg": 12,
          "minecraft:acacia_planks": 5,
          "minecraft:brown_mushroom_block": 2
        },
        "minecraft:dropped": {
          "minecraft:oak_door": 3,
          "minecraft:yellow_concrete": 1,
          "minecraft:iron_helmet": 1,
          "minecraft:structure_block": 1,
          "minecraft:command_block": 28,
          "minecraft:oak_sign": 14,
          "minecraft:black_stained_glass_pane": 1,
          "minecraft:barrel": 3,
          "minecraft:iron_pickaxe": 2,
          "minecraft:black_concrete": 2,
          "minecraft:chain_command_block": 5,
          "minecraft:fishing_rod": 1,
          "minecraft:bucket": 2,
          "minecraft:armor_stand": 2,
          "minecraft:egg": 2
        }
      },
      "DataVersion": 2567
    }
  }
}