{"stats":{"minecraft:picked_up":{"minecraft:fishing_rod":659,"minecraft:magma_block":156,"minecraft:repeater":2,"minecraft:dirt":42167,"minecraft:iron_axe":657,"minecraft:flint_and_steel":657,"minecraft:armor_stand":1,"minecraft:iron_shovel":658,"minecraft:oak_sign":21,"minecraft:bucket":1,"minecraft:redstone_torch":1,"minecraft:iron_pickaxe":658,"minecraft:egg":2,"minecraft:oak_door":2110,"minecraft:black_stained_glass_pane":840088,"minecraft:stone_button":2,"minecraft:redstone":15,"minecraft:barrel":46,"minecraft:command_block":21,"minecraft:black_concrete":1,"minecraft:cobblestone":60},"minecraft:custom":{"minecraft:interact_with_anvil":1,"minecraft:mob_kills":1,"minecraft:tune_noteblock":4,"minecraft:open_barrel":52,"minecraft:play_one_minute":362234,"minecraft:leave_game":23,"minecraft:time_since_death":362234,"minecraft:time_since_rest":362234,"minecraft:sprint_one_cm":145258,"minecraft:damage_taken":620,"minecraft:walk_one_cm":367156,"minecraft:drop":53,"minecraft:damage_dealt":40,"minecraft:swim_one_cm":105870,"minecraft:fly_one_cm":1993172,"minecraft:crouch_one_cm":70588,"minecraft:sneak_time":42636,"minecraft:walk_under_water_one_cm":100778,"minecraft:jump":1419,"minecraft:walk_on_water_one_cm":47067,"minecraft:fall_one_cm":1039},"minecraft:mined":{"minecraft:oak_door":10,"minecraft:cobblestone":88,"minecraft:magma_block":187,"minecraft:fire":4,"minecraft:white_carpet":2,"minecraft:dirt":71,"minecraft:stone":44},"minecraft:killed":{"minecraft:chicken":1},"minecraft:used":{"minecraft:water_bucket":153,"minecraft:diorite":6,"minecraft:iron_ore":2,"minecraft:jigsaw":1,"minecraft:acacia_log":18,"minecraft:iron_shovel":71,"minecraft:snow_block":8,"minecraft:flint_and_steel":43,"minecraft:armor_stand":40,"minecraft:redstone_ore":1,"minecraft:redstone":68,"minecraft:oak_sign":121,"minecraft:spruce_planks":11,"minecraft:brown_concrete":4,"minecraft:stone":2319,"minecraft:redstone_block":23,"minecraft:clay":4,"minecraft:gold_ore":2,"minecraft:structure_block":24,"minecraft:oak_door":317,"minecraft:white_wool":2,"minecraft:soul_sand":5,"minecraft:dirt":464,"minecraft:anvil":1,"minecraft:terracotta":1,"minecraft:white_carpet":45,"minecraft:crafting_table":1,"minecraft:nether_quartz_ore":2,"minecraft:light_gray_terracotta":1,"minecraft:yellow_concrete":1791,"minecraft:note_block":19,"minecraft:gray_concrete":4,"minecraft:granite":1,"minecraft:snowball":1,"minecraft:obsidian":207,"minecraft:redstone_torch":7,"minecraft:oak_log":1,"minecraft:gray_terracotta":4,"minecraft:dark_oak_planks":6,"minecraft:black_concrete":763,"minecraft:sea_lantern":43,"minecraft:lava_bucket":367,"minecraft:bookshelf":5,"minecraft:dark_oak_log":4,"minecraft:command_block":77,"minecraft:barrier":93,"minecraft:black_stained_glass_pane":1,"minecraft:iron_block":4,"minecraft:iron_axe":10,"minecraft:iron_pickaxe":319,"minecraft:stone_button":12,"minecraft:brown_wool":2,"minecraft:netherite_axe":1,"minecraft:polished_granite":1,"minecraft:barrel":14,"minecraft:bedrock":2,"minecraft:fishing_rod":476,"minecraft:repeater":10,"minecraft:magma_block":22,"minecraft:birch_log":31,"minecraft:bucket":530,"minecraft:chain_command_block":57,"minecraft:repeating_command_block":10,"minecraft:egg":12,"minecraft:acacia_planks":5,"minecraft:brown_mushroom_block":2},"minecraft:dropped":{"minecraft:oak_door":3,"minecraft:yellow_concrete":1,"minecraft:iron_helmet":1,"minecraft:structure_block":1,"minecraft:command_block":28,"minecraft:oak_sign":14,"minecraft:black_stained_glass_pane":1,"minecraft:barrel":3,"minecraft:iron_pickaxe":2,"minecraft:black_concrete":2,"minecraft:chain_command_block":5,"minecraft:fishing_rod":1,"minecraft:bucket":2,"minecraft:armor_stand":2,"minecraft:egg":2}},"DataVersion":2567}