{"stats":{"minecraft:picked_up":{"minecraft:fishing_rod":766,"minecraft:magma_block":156,"minecraft:repeater":3,"minecraft:dirt":49015,"minecraft:iron_axe":764,"minecraft:flint_and_steel":764,"minecraft:armor_stand":1,"minecraft:iron_shovel":765,"minecraft:oak_sign":22,"minecraft:bucket":1,"minecraft:dark_oak_sign":1,"minecraft:redstone_torch":3,"minecraft:iron_pickaxe":765,"minecraft:egg":2,"minecraft:oak_door":2428,"minecraft:black_stained_glass_pane":976619,"minecraft:stone_button":2,"minecraft:redstone":15,"minecraft:barrel":46,"minecraft:repeating_command_block":1,"minecraft:command_block":21,"minecraft:black_concrete":1,"minecraft:lever":1,"minecraft:cobblestone":60},"minecraft:custom":{"minecraft:interact_with_anvil":1,"minecraft:mob_kills":1,"minecraft:tune_noteblock":4,"minecraft:open_barrel":52,"minecraft:play_one_minute":449619,"minecraft:leave_game":30,"minecraft:time_since_death":449619,"minecraft:time_since_rest":449619,"minecraft:sprint_one_cm":166053,"minecraft:damage_taken":620,"minecraft:walk_one_cm":461164,"minecraft:drop":67,"minecraft:damage_dealt":40,"minecraft:swim_one_cm":105870,"minecraft:fly_one_cm":2375055,"minecraft:crouch_one_cm":88512,"minecraft:sneak_time":50381,"minecraft:walk_under_water_one_cm":104480,"minecraft:jump":1713,"minecraft:walk_on_water_one_cm":48609,"minecraft:fall_one_cm":1260},"minecraft:mined":{"minecraft:oak_door":10,"minecraft:cobblestone":88,"minecraft:magma_block":187,"minecraft:fire":4,"minecraft:white_carpet":2,"minecraft:dirt":71,"minecraft:stone":44},"minecraft:killed":{"minecraft:chicken":1},"minecraft:used":{"minecraft:water_bucket":153,"minecraft:diorite":6,"minecraft:iron_ore":2,"minecraft:jigsaw":1,"minecraft:iron_shovel":71,"minecraft:acacia_log":18,"minecraft:snow_block":8,"minecraft:flint_and_steel":43,"minecraft:armor_stand":40,"minecraft:redstone_ore":1,"minecraft:redstone":75,"minecraft:dark_oak_sign":11,"minecraft:oak_sign":159,"minecraft:black_carpet":10,"minecraft:spruce_planks":11,"minecraft:stone":2370,"minecraft:brown_concrete":4,"minecraft:redstone_block":23,"minecraft:clay":4,"minecraft:gold_ore":2,"minecraft:structure_block":24,"minecraft:green_terracotta":21,"minecraft:oak_door":317,"minecraft:white_wool":2,"minecraft:soul_sand":5,"minecraft:dirt":464,"minecraft:anvil":1,"minecraft:terracotta":1,"minecraft:comparator":22,"minecraft:white_carpet":45,"minecraft:crafting_table":1,"minecraft:nether_quartz_ore":2,"minecraft:light_gray_terracotta":1,"minecraft:yellow_concrete":2362,"minecraft:note_block":19,"minecraft:gray_concrete":4,"minecraft:granite":1,"minecraft:snowball":1,"minecraft:obsidian":207,"minecraft:redstone_torch":56,"minecraft:oak_log":1,"minecraft:gray_terracotta":4,"minecraft:dark_oak_planks":6,"minecraft:black_concrete":950,"minecraft:lever":13,"minecraft:sea_lantern":52,"minecraft:lava_bucket":367,"minecraft:bookshelf":5,"minecraft:dark_oak_log":4,"minecraft:iron_pickaxe":319,"minecraft:command_block":115,"minecraft:black_stained_glass_pane":1,"minecraft:heavy_weighted_pressure_plate":2,"minecraft:iron_block":4,"minecraft:iron_axe":10,"minecraft:stone_button":12,"minecraft:brown_wool":2,"minecraft:barrier":93,"minecraft:netherite_axe":1,"minecraft:red_terracotta":3,"minecraft:polished_granite":1,"minecraft:barrel":14,"minecraft:bedrock":2,"minecraft:fishing_rod":574,"minecraft:repeater":43,"minecraft:magma_block":22,"minecraft:birch_log":31,"minecraft:bucket":530,"minecraft:chain_command_block":91,"minecraft:repeating_command_block":51,"minecraft:egg":12,"minecraft:acacia_planks":5,"minecraft:brown_mushroom_block":2},"minecraft:dropped":{"minecraft:oak_door":6,"minecraft:repeating_command_block":4,"minecraft:yellow_concrete":1,"minecraft:iron_helmet":1,"minecraft:comparator":1,"minecraft:structure_block":1,"minecraft:command_block":29,"minecraft:oak_sign":14,"minecraft:flint_and_steel":1,"minecraft:dirt":64,"minecraft:black_stained_glass_pane":1,"minecraft:barrel":3,"minecraft:iron_axe":1,"minecraft:iron_pickaxe":3,"minecraft:black_concrete":2,"minecraft:chain_command_block":5,"minecraft:iron_shovel":1,"minecraft:fishing_rod":2,"minecraft:bucket":3,"minecraft:armor_stand":2,"minecraft:egg":2}},"DataVersion":2567}