{"stats":{"minecraft:killed":{"minecraft:chicken":1},"minecraft:dropped":{"minecraft:oak_door":3,"minecraft:yellow_concrete":1,"minecraft:iron_helmet":1,"minecraft:structure_block":1,"minecraft:command_block":21,"minecraft:black_stained_glass_pane":1,"minecraft:barrel":3,"minecraft:iron_pickaxe":2,"minecraft:black_concrete":2,"minecraft:chain_command_block":5,"minecraft:fishing_rod":1,"minecraft:bucket":1,"minecraft:armor_stand":2,"minecraft:egg":2},"minecraft:custom":{"minecraft:interact_with_anvil":1,"minecraft:mob_kills":1,"minecraft:tune_noteblock":4,"minecraft:open_barrel":48,"minecraft:play_one_minute":248273,"minecraft:leave_game":20,"minecraft:time_since_death":248273,"minecraft:time_since_rest":248273,"minecraft:sprint_one_cm":88903,"minecraft:damage_taken":520,"minecraft:walk_one_cm":250349,"minecraft:drop":44,"minecraft:damage_dealt":40,"minecraft:swim_one_cm":72688,"minecraft:fly_one_cm":1233809,"minecraft:crouch_one_cm":49220,"minecraft:sneak_time":28687,"minecraft:walk_under_water_one_cm":55751,"minecraft:jump":733,"minecraft:walk_on_water_one_cm":31324,"minecraft:fall_one_cm":1039},"minecraft:used":{"minecraft:water_bucket":103,"minecraft:diorite":6,"minecraft:iron_ore":2,"minecraft:jigsaw":1,"minecraft:acacia_log":18,"minecraft:iron_shovel":44,"minecraft:snow_block":8,"minecraft:flint_and_steel":27,"minecraft:armor_stand":17,"minecraft:redstone_ore":1,"minecraft:redstone":63,"minecraft:oak_sign":63,"minecraft:spruce_planks":11,"minecraft:brown_concrete":4,"minecraft:stone":1158,"minecraft:redstone_block":23,"minecraft:clay":4,"minecraft:gold_ore":2,"minecraft:structure_block":24,"minecraft:oak_door":209,"minecraft:white_wool":2,"minecraft:soul_sand":5,"minecraft:dirt":277,"minecraft:anvil":1,"minecraft:terracotta":1,"minecraft:white_carpet":44,"minecraft:crafting_table":1,"minecraft:nether_quartz_ore":2,"minecraft:light_gray_terracotta":1,"minecraft:yellow_concrete":1646,"minecraft:note_block":19,"minecraft:gray_concrete":4,"minecraft:granite":1,"minecraft:obsidian":77,"minecraft:redstone_torch":7,"minecraft:oak_log":1,"minecraft:gray_terracotta":4,"minecraft:dark_oak_planks":6,"minecraft:black_concrete":663,"minecraft:sea_lantern":43,"minecraft:lava_bucket":236,"minecraft:bookshelf":5,"minecraft:dark_oak_log":4,"minecraft:command_block":51,"minecraft:black_stained_glass_pane":1,"minecraft:iron_block":4,"minecraft:iron_axe":4,"minecraft:iron_pickaxe":207,"minecraft:stone_button":12,"minecraft:brown_wool":2,"minecraft:netherite_axe":1,"minecraft:polished_granite":1,"minecraft:barrel":14,"minecraft:bedrock":2,"minecraft:fishing_rod":377,"minecraft:repeater":10,"minecraft:magma_block":16,"minecraft:birch_log":31,"minecraft:bucket":345,"minecraft:chain_command_block":42,"minecraft:repeating_command_block":6,"minecraft:egg":10,"minecraft:acacia_planks":5,"minecraft:brown_mushroom_block":2},"minecraft:mined":{"minecraft:oak_door":4,"minecraft:cobblestone":55,"minecraft:magma_block":121,"minecraft:fire":3,"minecraft:white_carpet":2,"minecraft:dirt":44,"minecraft:stone":31},"minecraft:picked_up":{"minecraft:fishing_rod":529,"minecraft:magma_block":97,"minecraft:repeater":2,"minecraft:dirt":33826,"minecraft:iron_axe":528,"minecraft:flint_and_steel":527,"minecraft:armor_stand":1,"minecraft:iron_shovel":528,"minecraft:oak_sign":4,"minecraft:redstone_torch":1,"minecraft:iron_pickaxe":528,"minecraft:egg":2,"minecraft:oak_door":1671,"minecraft:black_stained_glass_pane":673924,"minecraft:stone_button":2,"minecraft:redstone":14,"minecraft:barrel":46,"minecraft:command_block":17,"minecraft:black_concrete":1,"minecraft:cobblestone":38}},"DataVersion":2567}